<xmlmodel>
  <model>
    <id>tme_sir_basic_model</id>
    <userid>tme_sir_basic_model</userid>
    <name>SIR Basic Model</name>
    <category>transmission</category>
    <type>compartmental</type>
    <title>A Susceptible-Infected-Recovered (SIR) basic model.</title>
    <authors>
      <author>Tiago Lima</author>
      <author>Lucas Ferreira</author>
    </authors>
    <description>For a description of such model, please visit http://en.wikipedia.org/wiki/Epidemic_model</description>
    <sourcecode lang="TerraML" interpreter="TerraME" version="2.0-RC-4">
      <version>1.0</version>
      <files>
        <file>tme_sir_basic_model.lua</file>
      </files>
      <main>tme_sir_basic_model.lua</main>
      <dependencies></dependencies>
    </sourcecode>
  </model>
  <parameters>
    <groupbox label="Population">
      <field id="Sh" label="Susceptible" type="spinbox" minimum="0" maximum="1e+06" description="number of susceptible humans [1-999999999]">9999</field>
      <field id="Ih" label="Infected" type="spinbox" minimum="0" maximum="1e+06" description="number of infected humans [1-999999999]">1</field>
      <field id="Rh" label="Recovered" type="spinbox" minimum="0" maximum="1e+06" description="number of recovered humans [1-999999999]">0</field>
      <field id="Nh" label="Population" type="spinbox" minimum="0" maximum="1e+06" description="total population [1-999999999]">10000</field>
    </groupbox>
    <groupbox label="Rates">
      <field id="beta" label="Infection rate" type="doublespinbox" minimum="0" maximum="1e+06" precision="2" step="0.1" description="infection rate [0-100]">1.06</field>
      <field id="gamma" label="Recovery rate" type="doublespinbox" minimum="0" maximum="1e+06" precision="2" step="0.1" description="recovery rate [0-1]">0.25</field>
    </groupbox>
  </parameters>
  <simulation label="Simulation">
    <field id="steps" label="Steps" type="spinbox" minimum="0" maximum="1e+06" description="simulation steps [0-999999999]">120</field>
  </simulation>
  <results>
    <outChart id="outChart" label="Chart" output="true">
      <config title="" xLabel="Time" yLabel="" />
      <variable id="Sh" select="Sh" label="Susceptible" chartlabel="Susceptible" type="plotVariable" style="lines" color="blue" output="true" />
      <variable id="Ih" select="Ih" label="Infected" chartlabel="Infected" type="plotVariable" style="lines" color="red" output="true" />
      <variable id="Rh" select="Rh" label="Recovered" chartlabel="Recovered" type="plotVariable" style="lines" color="yellow" output="true" />
      <variable id="Nh" select="Nh" label="Population" chartlabel="Humam Population" type="plotVariable" style="dots" color="black" output="true" />
    </outChart>
    <outTextScreen id="outTextScreen" label="TextScreen" output="true">
      <variable id="Sh" select="Sh" label="Susceptible" type="plotVariable" output="true" />
      <variable id="Ih" select="Ih" label="Infected" type="plotVariable" output="true" />
      <variable id="Rh" select="Rh" label="Recovered" type="plotVariable" output="true" />
    </outTextScreen>
    <outVisualTable id="outVisualTable" label="Table" output="true">
      <variable id="Sh" select="Sh" label="Susceptible" type="plotVariable" output="true" />
      <variable id="Ih" select="Ih" label="Infected" type="plotVariable" output="true" />
      <variable id="Rh" select="Rh" label="Recovered" type="plotVariable" output="true" />
    </outVisualTable>
    <outLog id="outLog" label="File" output="true">
      <config separator=";" filepath="" filename="results" overwrite="true" />
      <variable id="Sh" select="Sh" label="Susceptible" type="plotVariable" output="true" />
      <variable id="Ih" select="Ih" label="Infected" type="plotVariable" output="true" />
      <variable id="Rh" select="Rh" label="Recovered" type="plotVariable" output="true" />
      <variable id="Nh" select="Nh" label="Population" type="plotVariable" output="true" />
    </outLog>
  </results>
</xmlmodel>